row_index,overall_score,quality_level,clarity_score,specificity_score,completeness_score,structure_score,smart_criteria_score,word_count,sentence_count,has_numbers,negative_impact,score_explanation,feedback_responsavel
0,0.0,Baixa,0.0,0.0,0.0,0.0,0.0,0,0,False,0.0,"
============================================================
📊 DETALHAMENTO DA AVALIAÇÃO
============================================================

🎯 NOTA FINAL: 0.0/100

📋 BREAKDOWN POR CRITÉRIO:
----------------------------------------
• Clareza         (25%):   0.0 pontos (base: 0.0/100)
• Especificidade  (25%):   0.0 pontos (base: 0.0/100)
• Completude      (25%):   0.0 pontos (base: 0.0/100)
• Estrutura       (15%):   0.0 pontos (base: 0.0/100)
• Critérios SMART (10%):   0.0 pontos (base: 0.0/100)

🔍 ANÁLISE DETALHADA:
----------------------------------------
❌ CLAREZA (BAIXA): Texto confuso, necessita reescrita
❌ ESPECIFICIDADE (BAIXA): Muito vago, adicionar detalhes
❌ COMPLETUDE (BAIXA): Informações insuficientes
❌ ESTRUTURA (BAIXA): Estrutura inadequada
❌ SMART (BAIXA): Não atende aos critérios SMART

🎯 CLASSIFICAÇÃO GERAL:
❌ INADEQUADO - PDI necessita reescrita

============================================================
","❌ FEEDBACK PARA O SEU PDI - NOTA: 0.0/100 (INADEQUADO)

🔄 Seu PDI necessita ser reformulado.
Não se preocupe! Com as orientações abaixo, você pode criar um PDI de alta qualidade.

💡 PRINCIPAIS MOTIVOS DA SUA NOTA:

🔍 CLAREZA - Precisa melhorar:
• Seu objetivo não está claro o suficiente
• Reescreva usando palavras mais simples e diretas
• Evite termos vagos como 'melhorar', 'desenvolver' sem especificar o quê

🎯 ESPECIFICIDADE - Precisa melhorar:
• Faltam detalhes importantes no seu PDI
• Adicione números, prazos, nomes de cursos, certificações específicas
• Exemplo: Em vez de 'fazer curso', diga 'Curso X de 40 horas na plataforma Y'

📋 COMPLETUDE - Precisa melhorar:
• Seu PDI está muito resumido e faltam informações
• Explique melhor COMO vai alcançar seu objetivo
• Detalhe mais suas ações e inclua cronograma

🏗️ ESTRUTURA - Precisa melhorar:
• Organize melhor suas ideias
• Use pontuação e separe as informações em tópicos
• Conecte melhor objetivo e ações

📊 CRITÉRIOS SMART - Precisa melhorar:
• Seu objetivo não atende aos critérios SMART
• Torne-o mais Específico, Mensurável, Atingível, Relevante e com Tempo definido
• Exemplo: 'Obter certificação X até dezembro com nota mínima Y'

🚀 PRÓXIMOS PASSOS PARA MELHORAR:
1. Reescreva seu objetivo de forma mais clara e específica
2. Adicione prazos definidos e métricas mensuráveis
3. Detalhe melhor suas ações com recursos e cronograma
4. Organize as informações de forma mais estruturada
"
1,0.0,Baixa,0.0,0.0,0.0,0.0,0.0,0,0,False,0.0,"
============================================================
📊 DETALHAMENTO DA AVALIAÇÃO
============================================================

🎯 NOTA FINAL: 0.0/100

📋 BREAKDOWN POR CRITÉRIO:
----------------------------------------
• Clareza         (25%):   0.0 pontos (base: 0.0/100)
• Especificidade  (25%):   0.0 pontos (base: 0.0/100)
• Completude      (25%):   0.0 pontos (base: 0.0/100)
• Estrutura       (15%):   0.0 pontos (base: 0.0/100)
• Critérios SMART (10%):   0.0 pontos (base: 0.0/100)

🔍 ANÁLISE DETALHADA:
----------------------------------------
❌ CLAREZA (BAIXA): Texto confuso, necessita reescrita
❌ ESPECIFICIDADE (BAIXA): Muito vago, adicionar detalhes
❌ COMPLETUDE (BAIXA): Informações insuficientes
❌ ESTRUTURA (BAIXA): Estrutura inadequada
❌ SMART (BAIXA): Não atende aos critérios SMART

🎯 CLASSIFICAÇÃO GERAL:
❌ INADEQUADO - PDI necessita reescrita

============================================================
","❌ FEEDBACK PARA O SEU PDI - NOTA: 0.0/100 (INADEQUADO)

🔄 Seu PDI necessita ser reformulado.
Não se preocupe! Com as orientações abaixo, você pode criar um PDI de alta qualidade.

💡 PRINCIPAIS MOTIVOS DA SUA NOTA:

🔍 CLAREZA - Precisa melhorar:
• Seu objetivo não está claro o suficiente
• Reescreva usando palavras mais simples e diretas
• Evite termos vagos como 'melhorar', 'desenvolver' sem especificar o quê

🎯 ESPECIFICIDADE - Precisa melhorar:
• Faltam detalhes importantes no seu PDI
• Adicione números, prazos, nomes de cursos, certificações específicas
• Exemplo: Em vez de 'fazer curso', diga 'Curso X de 40 horas na plataforma Y'

📋 COMPLETUDE - Precisa melhorar:
• Seu PDI está muito resumido e faltam informações
• Explique melhor COMO vai alcançar seu objetivo
• Detalhe mais suas ações e inclua cronograma

🏗️ ESTRUTURA - Precisa melhorar:
• Organize melhor suas ideias
• Use pontuação e separe as informações em tópicos
• Conecte melhor objetivo e ações

📊 CRITÉRIOS SMART - Precisa melhorar:
• Seu objetivo não atende aos critérios SMART
• Torne-o mais Específico, Mensurável, Atingível, Relevante e com Tempo definido
• Exemplo: 'Obter certificação X até dezembro com nota mínima Y'

🚀 PRÓXIMOS PASSOS PARA MELHORAR:
1. Reescreva seu objetivo de forma mais clara e específica
2. Adicione prazos definidos e métricas mensuráveis
3. Detalhe melhor suas ações com recursos e cronograma
4. Organize as informações de forma mais estruturada
"
2,0.0,Baixa,0.0,0.0,0.0,0.0,0.0,0,0,False,0.0,"
============================================================
📊 DETALHAMENTO DA AVALIAÇÃO
============================================================

🎯 NOTA FINAL: 0.0/100

📋 BREAKDOWN POR CRITÉRIO:
----------------------------------------
• Clareza         (25%):   0.0 pontos (base: 0.0/100)
• Especificidade  (25%):   0.0 pontos (base: 0.0/100)
• Completude      (25%):   0.0 pontos (base: 0.0/100)
• Estrutura       (15%):   0.0 pontos (base: 0.0/100)
• Critérios SMART (10%):   0.0 pontos (base: 0.0/100)

🔍 ANÁLISE DETALHADA:
----------------------------------------
❌ CLAREZA (BAIXA): Texto confuso, necessita reescrita
❌ ESPECIFICIDADE (BAIXA): Muito vago, adicionar detalhes
❌ COMPLETUDE (BAIXA): Informações insuficientes
❌ ESTRUTURA (BAIXA): Estrutura inadequada
❌ SMART (BAIXA): Não atende aos critérios SMART

🎯 CLASSIFICAÇÃO GERAL:
❌ INADEQUADO - PDI necessita reescrita

============================================================
","❌ FEEDBACK PARA O SEU PDI - NOTA: 0.0/100 (INADEQUADO)

🔄 Seu PDI necessita ser reformulado.
Não se preocupe! Com as orientações abaixo, você pode criar um PDI de alta qualidade.

💡 PRINCIPAIS MOTIVOS DA SUA NOTA:

🔍 CLAREZA - Precisa melhorar:
• Seu objetivo não está claro o suficiente
• Reescreva usando palavras mais simples e diretas
• Evite termos vagos como 'melhorar', 'desenvolver' sem especificar o quê

🎯 ESPECIFICIDADE - Precisa melhorar:
• Faltam detalhes importantes no seu PDI
• Adicione números, prazos, nomes de cursos, certificações específicas
• Exemplo: Em vez de 'fazer curso', diga 'Curso X de 40 horas na plataforma Y'

📋 COMPLETUDE - Precisa melhorar:
• Seu PDI está muito resumido e faltam informações
• Explique melhor COMO vai alcançar seu objetivo
• Detalhe mais suas ações e inclua cronograma

🏗️ ESTRUTURA - Precisa melhorar:
• Organize melhor suas ideias
• Use pontuação e separe as informações em tópicos
• Conecte melhor objetivo e ações

📊 CRITÉRIOS SMART - Precisa melhorar:
• Seu objetivo não atende aos critérios SMART
• Torne-o mais Específico, Mensurável, Atingível, Relevante e com Tempo definido
• Exemplo: 'Obter certificação X até dezembro com nota mínima Y'

🚀 PRÓXIMOS PASSOS PARA MELHORAR:
1. Reescreva seu objetivo de forma mais clara e específica
2. Adicione prazos definidos e métricas mensuráveis
3. Detalhe melhor suas ações com recursos e cronograma
4. Organize as informações de forma mais estruturada
"
3,0.0,Baixa,0.0,0.0,0.0,0.0,0.0,0,0,False,0.0,"
============================================================
📊 DETALHAMENTO DA AVALIAÇÃO
============================================================

🎯 NOTA FINAL: 0.0/100

📋 BREAKDOWN POR CRITÉRIO:
----------------------------------------
• Clareza         (25%):   0.0 pontos (base: 0.0/100)
• Especificidade  (25%):   0.0 pontos (base: 0.0/100)
• Completude      (25%):   0.0 pontos (base: 0.0/100)
• Estrutura       (15%):   0.0 pontos (base: 0.0/100)
• Critérios SMART (10%):   0.0 pontos (base: 0.0/100)

🔍 ANÁLISE DETALHADA:
----------------------------------------
❌ CLAREZA (BAIXA): Texto confuso, necessita reescrita
❌ ESPECIFICIDADE (BAIXA): Muito vago, adicionar detalhes
❌ COMPLETUDE (BAIXA): Informações insuficientes
❌ ESTRUTURA (BAIXA): Estrutura inadequada
❌ SMART (BAIXA): Não atende aos critérios SMART

🎯 CLASSIFICAÇÃO GERAL:
❌ INADEQUADO - PDI necessita reescrita

============================================================
","❌ FEEDBACK PARA O SEU PDI - NOTA: 0.0/100 (INADEQUADO)

🔄 Seu PDI necessita ser reformulado.
Não se preocupe! Com as orientações abaixo, você pode criar um PDI de alta qualidade.

💡 PRINCIPAIS MOTIVOS DA SUA NOTA:

🔍 CLAREZA - Precisa melhorar:
• Seu objetivo não está claro o suficiente
• Reescreva usando palavras mais simples e diretas
• Evite termos vagos como 'melhorar', 'desenvolver' sem especificar o quê

🎯 ESPECIFICIDADE - Precisa melhorar:
• Faltam detalhes importantes no seu PDI
• Adicione números, prazos, nomes de cursos, certificações específicas
• Exemplo: Em vez de 'fazer curso', diga 'Curso X de 40 horas na plataforma Y'

📋 COMPLETUDE - Precisa melhorar:
• Seu PDI está muito resumido e faltam informações
• Explique melhor COMO vai alcançar seu objetivo
• Detalhe mais suas ações e inclua cronograma

🏗️ ESTRUTURA - Precisa melhorar:
• Organize melhor suas ideias
• Use pontuação e separe as informações em tópicos
• Conecte melhor objetivo e ações

📊 CRITÉRIOS SMART - Precisa melhorar:
• Seu objetivo não atende aos critérios SMART
• Torne-o mais Específico, Mensurável, Atingível, Relevante e com Tempo definido
• Exemplo: 'Obter certificação X até dezembro com nota mínima Y'

🚀 PRÓXIMOS PASSOS PARA MELHORAR:
1. Reescreva seu objetivo de forma mais clara e específica
2. Adicione prazos definidos e métricas mensuráveis
3. Detalhe melhor suas ações com recursos e cronograma
4. Organize as informações de forma mais estruturada
"
