row_index,overall_score,quality_level,clarity_score,specificity_score,completeness_score,structure_score,smart_criteria_score,feedback_responsavel,objetivo,acoes
0,52.5,Regular,0.6,0.4,0.5,0.7,0.3,"⚠️ FEEDBACK PARA O SEU PDI - NOTA: 52.5/100 (REGULAR)

📝 Seu PDI precisa de algumas melhorias importantes.
Com os ajustes sugeridos abaixo, você pode torná-lo muito mais efetivo.

💡 PRINCIPAIS MOTIVOS DA SUA NOTA:

🔍 CLAREZA - Pode melhorar:
• Seu objetivo está razoavelmente claro, mas pode ser mais direto
• Tente ser mais específico sobre o que exatamente quer alcançar

🎯 ESPECIFICIDADE - Precisa melhorar:
• Faltam detalhes importantes no seu PDI
• Adicione números, prazos, nomes de cursos, certificações específicas
• Exemplo: Em vez de 'fazer curso', diga 'Curso X de 40 horas na plataforma Y'

📋 COMPLETUDE - Pode melhorar:
• Você tem as informações básicas, mas pode expandir
• Adicione mais detalhes sobre o processo de execução

🏗️ ESTRUTURA - Bem organizado! ✅
• Seu PDI está bem estruturado e fácil de seguir

📊 CRITÉRIOS SMART - Precisa melhorar:
• Seu objetivo não atende aos critérios SMART
• Torne-o mais Específico, Mensurável, Atingível, Relevante e com Tempo definido
• Exemplo: 'Obter certificação X até dezembro com nota mínima Y'

🚀 PRÓXIMOS PASSOS PARA MELHORAR:
1. Adicione mais detalhes específicos (números, datas, nomes)
2. Melhore a conexão entre objetivo e ações
3. Inclua métricas para medir seu progresso","Aprender Python para desenvolvimento web","Fazer curso online e praticar projetos"
1,85.2,Alta,0.9,0.85,0.8,0.75,0.8,"🌟 FEEDBACK PARA O SEU PDI - NOTA: 85.2/100 (EXCELENTE)

🎉 PARABÉNS! Seu PDI está excelente!
Seu objetivo está muito bem definido e suas ações são claras e específicas. Continue mantendo este padrão de qualidade.

💡 PRINCIPAIS MOTIVOS DA SUA NOTA:

🔍 CLAREZA - Muito bom! ✅
• Seu objetivo está claro e fácil de entender

🎯 ESPECIFICIDADE - Excelente! ✅
• Seu PDI tem detalhes específicos e mensuráveis

📋 COMPLETUDE - Muito completo! ✅
• Seu PDI tem todas as informações necessárias

🏗️ ESTRUTURA - Bem organizado! ✅
• Seu PDI está bem estruturado e fácil de seguir

📊 CRITÉRIOS SMART - Excelente! ✅
• Seu objetivo atende muito bem aos critérios SMART

🚀 PRÓXIMOS PASSOS PARA MELHORAR:
1. Continue mantendo este excelente padrão
2. Use seu PDI como exemplo para futuros objetivos
3. Acompanhe regularmente seu progresso","Obter certificação AWS Solutions Architect Associate até junho de 2025 com nota mínima de 720 pontos","Estudar documentação oficial 10h/semana, fazer 5 simulados práticos, completar curso preparatório 80h, agendar exame maio 2025"
2,28.5,Baixa,0.3,0.2,0.25,0.4,0.15,"❌ FEEDBACK PARA O SEU PDI - NOTA: 28.5/100 (INADEQUADO)

🔄 Seu PDI necessita ser reformulado.
Não se preocupe! Com as orientações abaixo, você pode criar um PDI de alta qualidade.

💡 PRINCIPAIS MOTIVOS DA SUA NOTA:

🔍 CLAREZA - Precisa melhorar:
• Seu objetivo não está claro o suficiente
• Reescreva usando palavras mais simples e diretas
• Evite termos vagos como 'melhorar', 'desenvolver' sem especificar o quê

🎯 ESPECIFICIDADE - Precisa melhorar:
• Faltam detalhes importantes no seu PDI
• Adicione números, prazos, nomes de cursos, certificações específicas
• Exemplo: Em vez de 'fazer curso', diga 'Curso X de 40 horas na plataforma Y'

📋 COMPLETUDE - Precisa melhorar:
• Seu PDI está muito resumido e faltam informações
• Explique melhor COMO vai alcançar seu objetivo
• Detalhe mais suas ações e inclua cronograma

🏗️ ESTRUTURA - Precisa melhorar:
• Organize melhor suas ideias
• Use pontuação e separe as informações em tópicos
• Conecte melhor objetivo e ações

📊 CRITÉRIOS SMART - Precisa melhorar:
• Seu objetivo não atende aos critérios SMART
• Torne-o mais Específico, Mensurável, Atingível, Relevante e com Tempo definido
• Exemplo: 'Obter certificação X até dezembro com nota mínima Y'

🚀 PRÓXIMOS PASSOS PARA MELHORAR:
1. Reescreva seu objetivo de forma mais clara e específica
2. Adicione prazos definidos e métricas mensuráveis
3. Detalhe melhor suas ações com recursos e cronograma
4. Organize as informações de forma mais estruturada","Melhorar comunicação","Estudar"
